<?xml version="1.0" encoding="UTF-8"?>
<beans xmlns="http://www.springframework.org/schema/beans" xmlns:xsi="http://www.w3.org/2001/XMLSchema-instance"
	xmlns:context="http://www.springframework.org/schema/context" xmlns:jdbc="http://www.springframework.org/schema/jdbc"  
	xmlns:jee="http://www.springframework.org/schema/jee" xmlns:tx="http://www.springframework.org/schema/tx"
	xmlns:jpa="http://www.springframework.org/schema/data/jpa"
	xsi:schemaLocation="
		http://www.springframework.org/schema/beans http://www.springframework.org/schema/beans/spring-beans-3.2.xsd
		http://www.springframework.org/schema/context http://www.springframework.org/schema/context/spring-context-3.2.xsd
		http://www.springframework.org/schema/jdbc http://www.springframework.org/schema/jdbc/spring-jdbc-3.2.xsd
		http://www.springframework.org/schema/jee http://www.springframework.org/schema/jee/spring-jee-3.2.xsd
		http://www.springframework.org/schema/tx http://www.springframework.org/schema/tx/spring-tx-3.2.xsd
		http://www.springframework.org/schema/data/jpa http://www.springframework.org/schema/data/jpa/spring-jpa-1.3.xsd"
	default-lazy-init="true">

	<description>Spring公共配置 </description>

	<!-- 使用annotation 自动注册bean, 并保证@Required、@Autowired的属性被注入 -->
	<context:component-scan base-package="org.springside.examples.quickstart">
		<context:exclude-filter type="annotation" expression="org.springframework.stereotype.Controller"/>
		<context:exclude-filter type="annotation" expression="org.springframework.web.bind.annotation.ControllerAdvice"/>
	</context:component-scan>

	<!-- Jpa Entity Manager 配置 -->
	<bean id="entityManagerFactory" class="org.springframework.orm.jpa.LocalContainerEntityManagerFactoryBean"> 
		<property name="dataSource" ref="dataSource"/>
		<property name="jpaVendorAdapter" ref="hibernateJpaVendorAdapter"/>
		<property name="packagesToScan" value="org.springside.examples.quickstart"/>
		<property name="jpaProperties">
			<props>
				<!-- 命名规则 My_NAME->MyName -->
				<prop key="hibernate.ejb.naming_strategy">org.hibernate.cfg.ImprovedNamingStrategy</prop>
			</props>
		</property>
	</bean>
	
	<bean id="hibernateJpaVendorAdapter" class="org.springframework.orm.jpa.vendor.HibernateJpaVendorAdapter">
		<property name="databasePlatform">
			<bean factory-method="getDialect" class="org.springside.modules.persistence.Hibernates">
				<constructor-arg ref="dataSource"/>
			</bean>
		</property>
	</bean>

	<!-- Spring Data Jpa配置 -->
 	<jpa:repositories base-package="org.springside.examples.quickstart"  transaction-manager-ref="transactionManager" entity-manager-factory-ref="entityManagerFactory"/>
   
	<!-- Jpa 事务配置 -->
	<bean id="transactionManager" class="org.springframework.orm.jpa.JpaTransactionManager">
		<property name="entityManagerFactory" ref="entityManagerFactory"/>
	</bean>

	<!-- 使用annotation定义事务 -->
	<tx:annotation-driven transaction-manager="transactionManager" proxy-target-class="true" />

	<!-- JSR303 Validator定义 -->
 	<bean id="validator" class="org.springframework.validation.beanvalidation.LocalValidatorFactoryBean" />
	
	<!-- production环境 -->
 	<beans profile="production">
 		<context:property-placeholder ignore-unresolvable="true"
			location="classpath*:/application.properties" />	
		
		<!-- 数据源配置, 使用Tomcat JDBC连接池 -->
		<bean id="dataSource" class="org.apache.tomcat.jdbc.pool.DataSource" destroy-method="close">
			<!-- Connection Info -->
			<property name="driverClassName" value="${jdbc.driver}" />
			<property name="url" value="${jdbc.url}" />
			<property name="username" value="${jdbc.username}" />
			<property name="password" value="${jdbc.password}" />
		
			<!-- Connection Pooling Info -->
			<property name="maxActive" value="${jdbc.pool.maxActive}" />
			<property name="maxIdle" value="${jdbc.pool.maxIdle}" />
			<property name="defaultAutoCommit" value="false" />
			<!-- 连接Idle一个小时后超时 -->
			<property name="timeBetweenEvictionRunsMillis" value="3600000" />
			<property name="minEvictableIdleTimeMillis" value="3600000" />
		</bean>
		
		<!-- 数据源配置,使用应用服务器的数据库连接池 -->
		<!--<jee:jndi-lookup id="dataSource" jndi-name="java:comp/env/jdbc/ExampleDB" />-->
	</beans>
	
	<!-- local development环境 -->
	<beans profile="development">
		<context:property-placeholder ignore-resource-not-found="true"
			location="classpath*:/application.properties,
          			  classpath*:/application.development.properties" />	

		<!-- Tomcat JDBC连接池 -->
		<bean id="dataSource" class="org.apache.tomcat.jdbc.pool.DataSource" destroy-method="close">
			<property name="driverClassName" value="${jdbc.driver}" />
			<property name="url" value="${jdbc.url}" />
			<property name="username" value="${jdbc.username}" />
			<property name="password" value="${jdbc.password}" />
			<property name="defaultAutoCommit" value="false" />
		</bean>
	</beans>
	
	<!-- functional test 环境 -->
	<beans profile="functional">
		<context:property-placeholder ignore-resource-not-found="true"
			location="classpath*:/application.properties,
          			  classpath*:/application.functional.properties,
          			  classpath*:/application.functional-local.properties" />	

		<!-- Tomcat JDBC连接池 -->
		<bean id="dataSource" class="org.apache.tomcat.jdbc.pool.DataSource" destroy-method="close">
			<property name="driverClassName" value="${jdbc.driver}" />
			<property name="url" value="${jdbc.url}" />
			<property name="username" value="${jdbc.username}" />
			<property name="password" value="${jdbc.password}" />
			<property name="defaultAutoCommit" value="false" />
		</bean>

		<!-- 初始化数据表结构 -->
		<jdbc:initialize-database data-source="dataSource" ignore-failures="ALL">
			<jdbc:script location="classpath:sql/${db.type}/schema.sql" />
		</jdbc:initialize-database>	
	</beans>
	
	<!-- unit test环境 -->
	<beans profile="test">
	 	<context:property-placeholder ignore-resource-not-found="true"
			location="classpath*:/application.properties,
          			  classpath*:/application.test.properties" />	
		
		<!-- Spring Simple连接池 -->
		<bean id="dataSource" class="org.springframework.jdbc.datasource.SimpleDriverDataSource">
			<property name="driverClass" value="${jdbc.driver}" />
			<property name="url" value="${jdbc.url}" />
			<property name="username" value="${jdbc.username}" />
			<property name="password" value="${jdbc.password}" />
		</bean>

		<!-- 初始化数据表结构 与默认数据-->
		<jdbc:initialize-database data-source="dataSource" ignore-failures="ALL">
			<jdbc:script location="classpath:sql/h2/schema.sql" />
			<jdbc:script location="classpath:data/h2/import-data.sql" encoding="UTF-8"/>
		</jdbc:initialize-database>
	</beans>
</beans>